product_id,category_id
867,178
11970,178
11978,178
11982,178
12010,178
12014,178
12018,178
12022,178
12038,178
12042,178
12046,178
47796,178
48056,178
15053,179
15068,179
46806,179
46807,179
46808,179
46809,179
46810,179
46811,179
46812,179
46813,179
46814,179
46815,179
46816,179
48261,179
11009,201
11089,201
11246,201
11938,201
12853,201
12973,201
13018,201
13023,201
13033,201
13285,201
46154,201
46186,201
46378,201
46954,201
46955,201
46962,201
47511,201
47612,201
47790,201
48033,201
48052,201
48202,201
46702,202
47566,202
47576,202
47579,202
47584,202
47590,202
47637,202
47638,202
47674,202
47679,202
10498,203
10502,203
10506,203
10510,203
11871,203
11877,203
11880,203
11883,203
12550,203
13199,203
13202,203
13874,203
14529,203
14532,203
14533,203
14541,203
46506,203
46690,203
46691,203
10613,204
10617,204
11838,204
11841,204
11844,204
11847,204
11850,204
11853,204
11856,204
11859,204
11862,204
11865,204
11868,204
12524,204
12590,204
13273,204
13336,204
13413,204
13517,204
13537,204
13543,204
13552,204
13553,204
13862,204
13964,204
13967,204
13970,204
13973,204
14521,204
14536,204
14542,204
14601,204
14646,204
14655,204
14661,204
14666,204
14702,204
14707,204
14793,204
14804,204
14854,204
14938,204
46455,204
46514,204
46515,204
46546,204
46552,204
46553,204
46566,204
46568,204
46842,204
46895,204
46932,204
46943,204
10578,205
11706,205
11709,205
11718,205
11721,205
11727,205
11733,205
11736,205
11739,205
11742,205
11745,205
11757,205
11826,205
12461,205
12465,205
12469,205
12480,205
12488,205
12558,205
12574,205
12578,205
12583,205
12595,205
13193,205
13223,205
13228,205
13233,205
13242,205
13248,205
13253,205
13263,205
13287,205
13292,205
13297,205
13306,205
13307,205
13312,205
13317,205
13322,205
13327,205
13337,205
13342,205
13347,205
13352,205
13357,205
13362,205
13367,205
13378,205
13383,205
13388,205
13402,205
13403,205
13413,205
13422,205
13423,205
13428,205
13433,205
13463,205
13468,205
13473,205
13502,205
13507,205
13508,205
13518,205
13523,205
13528,205
13558,205
13859,205
13865,205
13868,205
13871,205
13878,205
13882,205
13883,205
13886,205
13892,205
13895,205
13907,205
13913,205
13919,205
13928,205
13931,205
13937,205
13940,205
13943,205
13949,205
13955,205
13961,205
13976,205
13985,205
13988,205
13994,205
14000,205
14404,205
14418,205
14434,205
14509,205
14512,205
14515,205
14518,205
14545,205
14551,205
14570,205
14571,205
14576,205
14591,205
14611,205
14621,205
14626,205
14631,205
14636,205
14641,205
14656,205
14671,205
14692,205
14697,205
14727,205
14732,205
14759,205
14765,205
14781,205
14799,205
14809,205
14824,205
14859,205
14864,205
14869,205
14884,205
14889,205
14899,205
14905,205
14911,205
14925,205
14951,205
14966,205
14971,205
46448,205
46449,205
46450,205
46451,205
46456,205
46479,205
46480,205
46481,205
46482,205
46558,205
46559,205
46560,205
46567,205
48074,205
10490,206
10578,206
10590,206
10594,206
10609,206
10618,206
11822,206
11823,206
11826,206
11829,206
11832,206
11835,206
12477,206
12566,206
13205,206
13543,206
13889,206
13910,206
13949,206
13952,206
13955,206
14606,206
14921,206
48111,206
48112,206
48170,206
11712,207
11721,207
11750,207
11751,207
12457,207
12473,207
13483,207
13493,207
13538,207
13898,207
13979,207
14818,207
14829,207
14930,207
46543,207
46562,207
46580,207
46581,207
46587,207
129,215
132,215
137,215
144,215
147,215
152,215
157,215
164,215
167,215
172,215
234,215
237,215
242,215
254,215
257,215
264,215
267,215
272,215
277,215
282,215
287,215
292,215
297,215
302,215
307,215
317,215
327,215
332,215
337,215
342,215
347,215
352,215
367,215
372,215
389,215
397,215
404,215
412,215
447,215
659,215
967,215
10425,215
10441,215
10945,215
10957,215
10969,215
11014,215
12050,215
12054,215
12058,215
12062,215
12066,215
12070,215
12074,215
12078,215
12082,215
12086,215
12090,215
12097,215
15063,215
15073,215
46269,215
187,216
637,216
642,216
662,216
667,216
672,216
677,216
812,216
832,216
837,216
857,216
862,216
877,216
887,216
907,216
917,216
937,216
952,216
962,216
10905,216
10909,216
10913,216
10989,216
10993,216
11211,216
11216,216
11517,216
11930,216
11950,216
11954,216
12002,216
12006,216
12026,216
12030,216
12034,216
12437,216
12452,216
12706,216
12858,216
12863,216
12898,216
12908,216
12913,216
12948,216
12988,216
12993,216
13117,216
13122,216
14060,216
15041,216
15083,216
46333,216
46350,216
46382,216
46383,216
46410,216
46439,216
46595,216
46680,216
48049,216
48089,216
48090,216
48415,216
48430,216
48433,216
48436,216
417,217
422,217
427,217
432,217
512,217
517,217
522,217
527,217
592,217
607,217
632,217
647,217
652,217
737,217
742,217
787,217
792,217
797,217
852,217
867,217
882,217
897,217
902,217
11970,217
11978,217
11982,217
12010,217
12014,217
12018,217
12022,217
12038,217
12042,217
12046,217
12339,217
12364,217
12374,217
12379,217
12432,217
12442,217
12447,217
13067,217
14196,217
14201,217
14256,217
14261,217
14266,217
14271,217
14276,217
14281,217
48060,217
48132,217
48134,217
48422,217
437,218
452,218
462,218
467,218
482,218
487,218
497,218
507,218
532,218
537,218
542,218
547,218
10457,218
444,219
552,219
557,219
562,219
567,219
572,219
617,219
817,219
847,219
892,219
897,219
922,219
927,219
947,219
10453,219
12918,219
12923,219
12963,219
12968,219
13013,219
13523,219
13528,219
13558,219
14116,219
14121,219
14126,219
14176,219
14181,219
45994,219
46099,219
46126,219
46156,219
46157,219
46268,219
46316,219
46423,219
48029,219
322,220
357,220
622,220
10961,220
10965,220
12888,220
182,222
10406,223
10410,223
10418,223
10426,223
10430,223
10434,223
10445,223
10453,223
10973,225
10977,225
11962,225
167,226
972,226
977,226
982,226
987,226
992,226
997,226
1002,226
1007,226
1012,226
1017,226
1022,226
1027,226
1037,226
1042,226
1047,226
1052,226
1057,226
1062,226
1067,226
1072,226
1077,226
1082,226
1087,226
1092,226
1097,226
1102,226
1107,226
1112,226
1117,226
12082,226
12086,226
12090,226
12097,226
1062,227
1077,227
1097,227
1102,227
1112,227
1117,227
1012,228
1082,228
1107,228
12097,228
982,229
1007,229
1022,229
1057,229
1067,229
1087,229
12090,229
972,230
997,230
1017,230
1027,230
1037,230
1042,230
1047,230
1052,230
12086,230
977,231
987,231
992,231
1002,231
1072,231
1092,231
12082,231
312,232
362,232
377,232
382,232
407,232
472,232
477,232
492,232
502,232
577,232
582,232
587,232
597,232
602,232
612,232
627,232
752,232
767,232
822,232
827,232
847,232
917,232
932,232
957,232
10449,232
10470,232
10949,232
10953,232
11001,232
12384,232
12389,232
12417,232
12883,232
12893,232
12903,232
12928,232
12943,232
13028,232
13038,232
14041,232
14045,232
14050,232
14081,232
14101,232
14106,232
14111,232
14126,232
14135,232
14136,232
14141,232
14146,232
14151,232
14156,232
14161,232
14166,232
14171,232
14186,232
14191,232
14206,232
14211,232
14216,232
14221,232
14226,232
14231,232
14236,232
14241,232
14246,232
14251,232
15016,232
15021,232
15031,232
15088,232
15121,232
15131,232
48416,232
46806,235
46807,235
46808,235
46809,235
46810,235
46811,235
46812,235
46813,235
46814,235
46815,235
46816,235
48261,235
48265,235
48296,235
48319,235
46806,238
46807,238
46808,238
46809,238
46810,238
46811,238
46812,238
46813,238
46814,238
46815,238
46816,238
46825,238
46826,238
46847,238
46848,238
46849,238
46850,238
46851,238
46852,238
46853,238
46854,238
46856,238
46909,238
46910,238
46911,238
46912,238
46913,238
46915,238
46916,238
46917,238
46922,238
48261,238
15053,241
15058,241
15068,241
45992,242
45993,242
45994,242
45995,242
45996,242
45997,242
45998,242
45999,242
46000,242
46001,242
46002,242
46003,242
46004,242
46005,242
46007,242
46008,242
46009,242
46010,242
46011,242
46012,242
46013,242
46014,242
46015,242
46016,242
46017,242
46018,242
46019,242
46020,242
46021,242
46022,242
46023,242
46024,242
46025,242
46026,242
46027,242
46028,242
46029,242
46033,242
46034,242
46036,242
46037,242
46038,242
46039,242
46040,242
46041,242
46042,242
46043,242
46044,242
46045,242
46048,242
46049,242
46050,242
46052,242
46053,242
46054,242
46055,242
46056,242
46057,242
46058,242
46059,242
46060,242
46061,242
46062,242
46063,242
46064,242
46065,242
46066,242
46067,242
46068,242
46069,242
46070,242
46071,242
46072,242
46073,242
46074,242
46075,242
46076,242
46077,242
46078,242
46079,242
46080,242
46081,242
46082,242
46083,242
46084,242
46085,242
46086,242
46087,242
46088,242
46089,242
46090,242
46091,242
46092,242
46093,242
46094,242
46095,242
46097,242
46098,242
46100,242
46101,242
46102,242
46103,242
46104,242
46105,242
46107,242
46108,242
46109,242
46110,242
46111,242
46112,242
46113,242
46114,242
46115,242
46116,242
46117,242
46118,242
46119,242
46120,242
46121,242
46122,242
46123,242
46124,242
46125,242
46126,242
46127,242
46129,242
46130,242
46131,242
46132,242
46133,242
46134,242
46136,242
46137,242
46138,242
46139,242
46140,242
46141,242
46142,242
46143,242
46144,242
46145,242
46146,242
46147,242
46148,242
46149,242
46150,242
46151,242
46152,242
46153,242
46154,242
46156,242
46157,242
46159,242
46160,242
46483,242
46485,242
46486,242
46487,242
46516,242
46526,242
46527,242
46576,242
46582,242
46583,242
46584,242
46585,242
46586,242
46653,242
46655,242
46656,242
46657,242
46658,242
46659,242
46660,242
46661,242
46662,242
46707,242
46708,242
46709,242
46963,242
47616,242
47646,242
47647,242
47648,242
47651,242
47652,242
47653,242
47654,242
47655,242
47663,242
47692,242
47704,242
47705,242
47706,242
47707,242
47708,242
47709,242
47710,242
47719,242
47720,242
47721,242
47722,242
47723,242
47724,242
47725,242
47726,242
47731,242
47732,242
47736,242
47742,242
47743,242
47744,242
47745,242
47747,242
47748,242
47749,242
47750,242
47751,242
47752,242
47758,242
47761,242
47764,242
47765,242
47766,242
47767,242
47769,242
47795,242
47802,242
47803,242
47804,242
48312,242
48365,242
48367,242
46162,243
46163,243
46164,243
46165,243
46166,243
46167,243
46168,243
46169,243
46173,243
46174,243
46175,243
46176,243
46177,243
46178,243
46179,243
46180,243
46181,243
46182,243
46183,243
46184,243
46186,243
46192,243
46193,243
46194,243
46195,243
46196,243
46198,243
46199,243
46200,243
46493,243
46509,243
46573,243
46574,243
46575,243
46577,243
46588,243
46589,243
46644,243
46736,243
46739,243
46845,243
46856,243
46891,243
46908,243
47679,243
48046,243
48241,243
48242,243
48244,243
48245,243
48247,243
48248,243
48249,243
48253,243
48364,243
10937,244
46218,244
46219,244
46220,244
46222,244
46224,244
46230,244
46231,244
46234,244
46240,244
46250,244
46257,244
46258,244
46259,244
46260,244
46261,244
46262,244
46263,244
46264,244
46265,244
46266,244
46267,244
46268,244
46269,244
46270,244
46271,244
46272,244
46273,244
46274,244
46275,244
46276,244
46277,244
46278,244
46279,244
46280,244
46281,244
46282,244
46283,244
46284,244
46285,244
46286,244
46287,244
46288,244
46290,244
46296,244
46313,244
46316,244
46319,244
46320,244
46326,244
46327,244
46330,244
46331,244
46332,244
46333,244
46335,244
46336,244
46339,244
46341,244
46342,244
46344,244
46345,244
46346,244
46347,244
46348,244
46350,244
46351,244
46352,244
46353,244
46354,244
46355,244
46356,244
46357,244
46358,244
46359,244
46360,244
46362,244
46364,244
46365,244
46366,244
46367,244
46368,244
46369,244
46370,244
46373,244
46375,244
46376,244
46377,244
46378,244
46379,244
46381,244
46382,244
46383,244
46384,244
46385,244
46387,244
46401,244
46402,244
46403,244
46404,244
46405,244
46406,244
46407,244
46408,244
46409,244
46410,244
46411,244
46412,244
46413,244
46414,244
46415,244
46416,244
46417,244
46418,244
46419,244
46420,244
46421,244
46422,244
46423,244
46424,244
46425,244
46426,244
46427,244
46428,244
46429,244
46430,244
46431,244
46432,244
46433,244
46434,244
46435,244
46436,244
46437,244
46438,244
46439,244
46440,244
46441,244
46442,244
46447,244
46703,244
46718,244
46719,244
46799,244
46800,244
46802,244
46803,244
46805,244
46817,244
46819,244
46820,244
46821,244
47664,244
47665,244
13285,246
13901,246
46047,246
46155,246
46521,246
46522,246
46523,246
46524,246
46525,246
46526,246
46527,246
46528,246
46535,246
46536,246
47551,246
47573,246
47574,246
47576,246
47577,246
48394,246
13205,247
13502,247
14606,247
14631,247
14839,247
14844,247
46448,247
46449,247
46450,247
46512,247
46544,247
46551,247
46565,247
46679,247
10609,248
11709,248
11718,248
11733,248
11739,248
11754,248
12461,248
12488,248
12578,248
12583,248
12595,248
13268,248
13297,248
13306,248
13317,248
13342,248
13362,248
13378,248
13388,248
13402,248
13508,248
13518,248
13859,248
13878,248
13883,248
13895,248
13910,248
13916,248
13931,248
13949,248
13952,248
13955,248
13985,248
14512,248
14518,248
14576,248
14671,248
14759,248
14849,248
14899,248
14950,248
46451,248
46456,248
46489,248
46508,248
46513,248
46549,248
46554,248
46556,248
46569,248
46578,248
46579,248
46603,248
46604,248
46605,248
46606,248
46612,248
46613,248
46615,248
46619,248
46621,248
46622,248
46630,248
46632,248
46893,248
46894,248
46903,248
46904,248
47008,248
48027,248
1122,250
1127,250
1132,250
1141,250
10494,250
10510,250
10514,250
10518,250
10522,250
10526,250
10530,250
10534,250
10542,250
10550,250
10561,250
10562,250
10566,250
10570,250
10889,250
46744,250
46747,250
46752,250
46753,250
46755,250
46756,250
46759,250
46762,250
46763,250
46764,250
46765,250
46766,250
46767,250
46769,250
46770,250
46772,250
46786,250
46787,250
46788,250
46799,250
46800,250
46803,250
46819,250
46821,250
48148,250
48155,250
48158,250
48162,250
48163,250
48172,250
48194,250
48195,250
48196,250
48198,250
48199,250
48200,250
48201,250
48206,250
48233,250
48268,250
48271,250
48276,250
48278,250
48279,250
48289,250
48294,250
48297,250
48302,250
48303,250
48306,250
48308,250
48309,250
48311,250
48315,250
48318,250
48321,250
48322,250
48324,250
48325,250
48327,250
48328,250
10613,251
10617,251
11838,251
11841,251
11844,251
11847,251
11850,251
11853,251
11856,251
11859,251
11862,251
11865,251
11868,251
12524,251
12590,251
13273,251
13336,251
13413,251
13517,251
13537,251
13543,251
13552,251
13553,251
13862,251
13964,251
13967,251
13970,251
13973,251
14521,251
14536,251
14542,251
14601,251
14646,251
14655,251
14661,251
14666,251
14702,251
14707,251
14793,251
14804,251
14854,251
14938,251
46455,251
46514,251
46515,251
46546,251
46552,251
46553,251
46566,251
46568,251
46628,251
46629,251
46631,251
46649,251
46650,251
46651,251
46698,251
46842,251
46895,251
46943,251
47538,251
47541,251
47546,251
47547,251
47598,251
47642,251
47672,251
47691,251
47698,251
47798,251
48067,251
48075,251
48391,251
48397,251
48402,251
48404,251
10937,252
10941,252
11057,252
11061,252
11065,252
11069,252
11073,252
11077,252
11081,252
11085,252
11093,252
11256,252
11934,252
12878,252
14029,252
14033,252
14037,252
15001,252
15011,252
15098,252
46668,252
46729,252
46737,252
46792,252
46822,252
46823,252
46827,252
46830,252
46836,252
46839,252
46902,252
46930,252
46931,252
47524,252
47533,252
47539,252
47542,252
47543,252
47544,252
47545,252
47548,252
47588,252
47595,252
47610,252
47641,252
47675,252
47676,252
47690,252
47702,252
47756,252
47757,252
47787,252
47800,252
48034,252
48053,252
48054,252
48055,252
48057,252
48062,252
48065,252
48069,252
48070,252
48071,252
48082,252
48088,252
48092,252
48093,252
48094,252
48098,252
48104,252
48123,252
48124,252
48148,252
48155,252
48156,252
48158,252
48162,252
48163,252
48177,252
48194,252
48195,252
48196,252
48198,252
48200,252
48201,252
48210,252
48214,252
48215,252
48217,252
48256,252
48260,252
48264,252
48266,252
48269,252
48276,252
48301,252
48384,252
48385,252
48386,252
48398,252
48410,252
48413,252
48414,252
48417,252
48419,252
46174,253
46192,253
46193,253
46194,253
46195,253
46196,253
46198,253
46199,253
46200,253
46944,253
48234,253
48238,253
48245,253
48249,253
10538,254
10546,254
10554,254
10893,254
10897,254
10901,254
46170,254
46171,254
46172,254
46185,254
46740,254
46741,254
46742,254
46748,254
46751,254
46754,254
46757,254
46758,254
46760,254
46761,254
46774,254
46777,254
46778,254
46789,254
46790,254
46791,254
46802,254
46805,254
46817,254
46820,254
48211,254
48212,254
48213,254
48263,254
48274,254
48295,254
48313,254
48316,254
48329,254
48495,254
48496,254
46218,256
46224,256
46296,256
46313,256
46357,256
46358,256
46359,256
46360,256
46401,256
46416,256
46417,256
45995,257
45996,257
10490,263
10578,263
10590,263
10594,263
10609,263
10618,263
11709,263
11718,263
11733,263
11739,263
11754,263
11822,263
11823,263
11826,263
11829,263
11832,263
11835,263
12461,263
12477,263
12488,263
12566,263
12570,263
12578,263
12583,263
12595,263
13196,263
13268,263
13297,263
13306,263
13317,263
13342,263
13362,263
13378,263
13388,263
13402,263
13408,263
13508,263
13518,263
13859,263
13878,263
13883,263
13889,263
13895,263
13904,263
13910,263
13916,263
13931,263
13949,263
13952,263
13955,263
13958,263
13985,263
14512,263
14518,263
14576,263
14671,263
14759,263
14849,263
14899,263
14921,263
14950,263
46451,263
46456,263
46489,263
46492,263
46500,263
46501,263
46513,263
46549,263
46554,263
46555,263
46556,263
46569,263
46578,263
46579,263
46603,263
46604,263
46605,263
46606,263
46612,263
46613,263
46615,263
46619,263
46621,263
46622,263
46630,263
46632,263
46893,263
46894,263
46903,263
46904,263
46946,263
46947,263
47008,263
47518,263
47531,263
47596,263
47597,263
47602,263
47632,263
47643,263
47671,263
47679,263
47680,263
47681,263
47683,263
47684,263
47685,263
47686,263
47688,263
47693,263
47695,263
47780,263
47781,263
47792,263
48027,263
48079,263
48107,263
48110,263
48111,263
48132,263
48134,263
48387,263
48392,263
48396,263
48422,263
48426,263
48427,263
48428,263
46162,264
46163,264
46164,264
46165,264
46167,264
46168,264
46169,264
46173,264
46175,264
46176,264
46177,264
46178,264
46179,264
46180,264
46181,264
46182,264
46183,264
46493,264
46573,264
46574,264
46575,264
46845,264
46891,264
46908,264
47674,264
47714,264
47717,264
48225,264
48227,264
48228,264
48230,264
48231,264
48235,264
48239,264
48240,264
48241,264
48242,264
48243,264
48244,264
48247,264
48248,264
48253,264
48421,264
129,265
132,265
137,265
144,265
147,265
152,265
157,265
164,265
167,265
172,265
182,265
187,265
192,265
197,265
202,265
207,265
212,265
217,265
222,265
227,265
234,265
237,265
242,265
254,265
257,265
264,265
267,265
272,265
277,265
282,265
287,265
292,265
297,265
302,265
307,265
312,265
317,265
322,265
327,265
332,265
337,265
342,265
347,265
352,265
357,265
362,265
367,265
372,265
377,265
382,265
389,265
397,265
404,265
407,265
412,265
417,265
422,265
427,265
432,265
437,265
444,265
447,265
452,265
462,265
467,265
472,265
477,265
482,265
487,265
492,265
497,265
502,265
507,265
512,265
517,265
522,265
527,265
532,265
537,265
542,265
547,265
552,265
557,265
562,265
567,265
572,265
577,265
582,265
587,265
592,265
597,265
602,265
607,265
612,265
617,265
622,265
627,265
632,265
637,265
642,265
647,265
652,265
659,265
662,265
667,265
672,265
677,265
682,265
687,265
692,265
697,265
702,265
707,265
712,265
717,265
722,265
732,265
737,265
742,265
747,265
752,265
757,265
762,265
767,265
772,265
777,265
787,265
792,265
797,265
812,265
817,265
822,265
827,265
832,265
837,265
847,265
852,265
857,265
862,265
867,265
877,265
882,265
887,265
892,265
897,265
902,265
907,265
917,265
922,265
927,265
932,265
937,265
942,265
947,265
952,265
957,265
962,265
967,265
972,265
977,265
982,265
987,265
992,265
997,265
1002,265
1007,265
1012,265
1017,265
1022,265
1027,265
1037,265
1042,265
1047,265
1052,265
1057,265
1062,265
1067,265
1072,265
1077,265
1082,265
1087,265
1092,265
1097,265
1102,265
1107,265
1112,265
1117,265
10406,265
10410,265
10418,265
10425,265
10426,265
10430,265
10434,265
10441,265
10445,265
10449,265
10453,265
10457,265
10470,265
10905,265
10909,265
10913,265
10945,265
10949,265
10953,265
10957,265
10961,265
10965,265
10969,265
10973,265
10977,265
10989,265
10993,265
11001,265
11014,265
11211,265
11216,265
11930,265
11942,265
11950,265
11954,265
11962,265
11966,265
11970,265
11974,265
11978,265
11982,265
11986,265
11990,265
11994,265
11998,265
12002,265
12010,265
12014,265
12018,265
12022,265
12026,265
12030,265
12034,265
12038,265
12042,265
12046,265
12050,265
12054,265
12058,265
12062,265
12066,265
12070,265
12074,265
12078,265
12082,265
12086,265
12090,265
12097,265
12339,265
12364,265
12369,265
12374,265
12379,265
12384,265
12389,265
12394,265
12417,265
12422,265
12427,265
12432,265
12442,265
12447,265
12858,265
12863,265
12883,265
12888,265
12893,265
12898,265
12903,265
12918,265
12923,265
12928,265
12938,265
12943,265
12948,265
12963,265
12968,265
12998,265
13013,265
13028,265
13038,265
13067,265
13072,265
13117,265
13122,265
14041,265
14045,265
14050,265
14055,265
14081,265
14086,265
14096,265
14101,265
14106,265
14111,265
14116,265
14121,265
14126,265
14135,265
14136,265
14141,265
14146,265
14151,265
14156,265
14161,265
14166,265
14171,265
14176,265
14181,265
14186,265
14191,265
14196,265
14201,265
14206,265
14211,265
14216,265
14221,265
14226,265
14231,265
14236,265
14241,265
14246,265
14251,265
14256,265
14261,265
14266,265
14271,265
14276,265
14281,265
15016,265
15021,265
15026,265
15031,265
15041,265
15046,265
15063,265
15073,265
15088,265
15121,265
15131,265
46488,265
46503,265
46504,265
46530,265
46531,265
46547,265
46564,265
46570,265
46571,265
46596,265
46597,265
46598,265
46641,265
46652,265
46664,265
46665,265
46666,265
46667,265
46669,265
46670,265
46671,265
46672,265
46673,265
46674,265
46680,265
46846,265
46892,265
46896,265
46897,265
46898,265
46899,265
46900,265
46901,265
46905,265
46906,265
46907,265
46945,265
46948,265
46949,265
47516,265
47517,265
47519,265
47520,265
47521,265
47528,265
47529,265
47530,265
47532,265
47549,265
47601,265
47631,265
47660,265
47669,265
47694,265
47699,265
47700,265
47701,265
47712,265
47718,265
47735,265
47738,265
47788,265
47789,265
47791,265
47793,265
47794,265
47805,265
48029,265
48030,265
48037,265
48048,265
48049,265
48050,265
48056,265
48058,265
48060,265
48063,265
48064,265
48066,265
48083,265
48087,265
48089,265
48090,265
48091,265
48113,265
48119,265
48121,265
48125,265
48127,265
48151,265
48257,265
48258,265
48293,265
48380,265
48388,265
48390,265
48393,265
48395,265
48400,265
48415,265
48416,265
48423,265
48424,265
48425,265
48433,265
45997,266
46002,266
46005,266
46007,266
46008,266
46009,266
46010,266
46015,266
46024,266
46029,266
46037,266
46038,266
46039,266
46040,266
46041,266
46044,266
46060,266
46084,266
46086,266
46091,266
46093,266
46100,266
46101,266
46104,266
46105,266
46132,266
46142,266
46151,266
46516,266
46582,266
46653,266
46655,266
46656,266
46657,266
46658,266
46659,266
46660,266
46661,266
47616,266
47646,266
47647,266
47648,266
47651,266
47652,266
47653,266
47654,266
47655,266
47663,266
47692,266
47704,266
47705,266
47706,266
47707,266
47708,266
47709,266
47710,266
47719,266
47720,266
47721,266
47722,266
47723,266
47724,266
47725,266
47726,266
47731,266
47732,266
47736,266
47742,266
47743,266
47744,266
47745,266
47747,266
47748,266
47749,266
47751,266
47752,266
47753,266
47758,266
47761,266
47764,266
47765,266
47766,266
47767,266
47769,266
47795,266
47803,266
47804,266
46743,267
46781,267
46782,267
46783,267
46784,267
46785,267
48223,267
48250,267
48251,267
48252,267
48259,267
48275,267
48280,267
48283,267
48287,267
48288,267
48309,267
48203,268
48204,268
48205,268
48232,268
48277,268
48282,268
48290,268
48291,268
11089,269
11246,269
12973,269
13285,269
46047,269
46154,269
46186,269
46523,269
46524,269
46525,269
46526,269
46527,269
46528,269
46954,269
46955,269
46962,269
47511,269
47512,269
47573,269
47576,269
47611,269
47612,269
47613,269
47614,269
47640,269
48033,269
48052,269
46825,270
46826,270
46847,270
46848,270
46849,270
46850,270
46851,270
46852,270
46853,270
46854,270
46856,270
47611,272
47612,272
47613,272
47614,272
47617,272
47640,272
14878,273
14894,273
46589,273
47565,273
47566,273
47571,273
47591,273
47592,273
47593,273
47802,273
13874,274
46505,274
46506,274
46507,274
46509,274
47615,274
47629,274
47636,274
47637,274
47638,274
47639,274
12848,275
13199,275
13202,275
46510,275
46576,275
46583,275
46584,275
46585,275
46586,275
46600,275
46620,275
46623,275
46933,275
46950,275
46951,275
46952,275
46953,275
46956,275
46644,276
46920,276
46921,276
46923,276
46924,276
46925,276
46926,276
46927,276
46928,276
46929,276
46934,276
46935,276
46936,276
46937,276
46938,276
46939,276
46940,276
46941,276
46942,276
14976,278
46731,278
46732,278
46733,278
46734,278
46735,278
46736,278
46738,278
46739,278
48115,278
48122,278
48179,278
48180,278
48191,278
48193,278
48229,278
14561,279
14586,279
14976,279
46698,279
46731,279
46732,279
46733,279
46734,279
46735,279
46736,279
46737,279
46738,279
46739,279
46795,279
47698,279
47754,279
47755,279
47756,279
47763,279
48081,279
48082,279
48083,279
48085,279
48088,279
48092,279
48093,279
48094,279
48107,279
48115,279
48122,279
48123,279
48124,279
48125,279
48128,279
48156,279
48179,279
48180,279
48190,279
48191,279
48192,279
48193,279
48207,279
48229,279
48390,279
48463,279
46753,280
46756,280
46793,280
46794,280
46822,280
46823,280
46895,280
47596,280
47691,280
48177,280
48196,280
48199,280
48200,280
48206,280
48209,280
48254,280
48255,280
48257,280
48258,280
48264,280
48276,280
48293,280
48294,280
48297,280
48305,280
48388,280
48401,280
48402,280
13928,284
46442,284
46542,284
46843,284
46844,284
48072,284
48147,284
48153,284
48154,284
48189,284
48218,284
48224,284
48226,284
48236,284
13205,285
13502,285
14606,285
14631,285
14839,285
14844,285
46448,285
46449,285
46450,285
46508,285
46512,285
46544,285
46551,285
46565,285
46617,285
46618,285
46638,285
46648,285
46679,285
46999,285
47508,285
47513,285
47515,285
47579,285
47590,285
11005,286
11946,286
12933,286
13003,286
13008,286
14065,286
14071,286
14091,286
15093,286
15115,286
46511,286
46563,286
46590,286
46591,286
46592,286
46593,286
46601,286
46602,286
46624,286
46625,286
46626,286
46633,286
46634,286
46635,286
46636,286
46639,286
46643,286
47003,286
47009,286
47509,286
47510,286
47514,286
47526,286
47555,286
47583,286
47585,286
47589,286
47599,286
47618,286
47619,286
47622,286
47623,286
47634,286
47649,286
48038,286
48039,286
48040,286
48041,286
48042,286
48051,286
46166,287
46184,287
46577,287
46588,287
48046,287
45998,288
46016,288
46017,288
46018,288
46019,288
46020,288
46021,288
46022,288
46023,288
46097,288
46098,288
46109,288
46125,288
48471,292
15006,295
15103,295
15109,295
46083,295
46411,295
46561,295
46640,295
46918,295
46919,295
47525,295
47550,295
47666,295
48047,295
48128,295
48222,295
46197,296
46642,296
47600,296
47666,296
47713,296
48045,296
12334,297
12344,297
12349,297
12354,297
12359,297
12402,297
12407,297
12412,297
12550,297
46855,297
46857,297
46858,297
46859,297
46860,297
46864,297
46869,297
46871,297
46873,297
46877,297
46878,297
46879,297
46880,297
46881,297
46882,297
46883,297
46884,297
46885,297
46886,297
46887,297
46888,297
46889,297
46890,297
48383,297
11742,298
14211,298
14216,298
14221,298
14824,298
14839,298
14844,298
14859,298
15093,298
45998,298
46098,298
46125,298
46184,298
46405,298
46428,298
46551,298
46563,298
46565,298
46588,298
46592,298
46593,298
46634,298
46637,298
46638,298
46702,298
47526,298
47555,298
47579,298
47713,298
47782,298
48038,298
48039,298
48040,298
48041,298
48042,298
48046,298
48074,298
48300,298
46909,300
46910,300
46911,300
46912,300
46913,300
46915,300
46916,300
46917,300
46922,300
12868,301
46481,301
46482,301
46483,301
46485,301
46486,301
46487,301
46958,301
46959,301
46960,301
46961,301
47661,301
47662,301
47678,301
177,303
14529,303
14532,303
14533,303
14541,303
14981,303
14986,303
14991,303
14996,303
46685,303
46687,303
46688,303
46690,303
46691,303
46692,303
46703,303
46707,303
46708,303
46709,303
46718,303
46719,303
48120,303
48126,303
48127,303
48237,303
46230,304
46231,304
46234,304
46240,304
46250,304
46257,304
46258,304
46259,304
46260,304
46261,304
46262,304
46263,304
46264,304
46265,304
46266,304
46267,304
46268,304
46269,304
46270,304
46271,304
46272,304
46273,304
46274,304
46275,304
46276,304
46277,304
46278,304
46279,304
46280,304
46281,304
46282,304
46283,304
46284,304
46285,304
46286,304
46287,304
46288,304
46316,304
46319,304
46320,304
46326,304
46327,304
46330,304
46331,304
46332,304
46333,304
46335,304
46336,304
46339,304
46341,304
46342,304
46344,304
46345,304
46346,304
46347,304
46348,304
46350,304
46351,304
46352,304
46362,304
46364,304
46365,304
46366,304
46367,304
46368,304
46369,304
46370,304
46376,304
46377,304
46381,304
46382,304
46383,304
46384,304
46385,304
46387,304
46402,304
46403,304
46404,304
46407,304
46408,304
46409,304
46410,304
46413,304
46414,304
46415,304
46418,304
46419,304
46420,304
46421,304
46422,304
46423,304
46424,304
46425,304
46426,304
46427,304
46428,304
46429,304
46430,304
46431,304
46434,304
46436,304
46438,304
46439,304
46440,304
11020,306
11048,306
13077,306
13082,306
13092,306
13102,306
13107,306
13112,306
13127,306
13132,306
13157,306
13162,306
13167,306
46607,306
46608,306
46609,306
46610,306
46611,306
46646,306
46647,306
46663,306
46861,306
46862,306
46863,306
46865,306
46866,306
46867,306
47534,306
47696,306
47711,306
48061,306
48068,306
48085,306
48118,306
48133,306
48199,306
48213,306
48221,306
48377,306
48379,306
48401,306
48435,306
48441,306
48442,306
48443,306
48444,306
48445,306
48446,306
48447,306
12562,307
13393,307
13488,307
14737,307
14829,307
47522,307
48078,307
48411,307
48412,307
46187,308
46188,308
46189,308
46190,308
46191,308
13087,309
14076,309
14329,309
46676,309
46793,309
46794,309
46795,309
46828,309
46829,309
46831,309
46832,309
46833,309
46834,309
46835,309
46837,309
46840,309
46841,309
47540,309
47560,309
47561,309
47586,309
47587,309
47594,309
47677,309
47755,309
47783,309
47784,309
47785,309
47786,309
47797,309
48028,309
48035,309
48117,309
48208,309
48209,309
48213,309
48216,309
48254,309
48255,309
48305,309
48381,309
48409,309
48431,309
48432,309
48434,309
48437,309
48438,309
48463,309
13212,310
13217,310
13218,310
13377,310
13458,310
13478,310
13924,310
13927,310
13934,310
13946,310
14524,310
14556,310
14561,310
14570,310
14581,310
14586,310
14596,310
14616,310
14681,310
14712,310
14721,310
14742,310
14748,310
14758,310
14771,310
14834,310
14879,310
14920,310
14941,310
14960,310
14961,310
46452,310
46453,310
46454,310
46490,310
46491,310
46494,310
46495,310
46496,310
46497,310
46498,310
46499,310
46502,310
46532,310
46557,310
46614,310
46616,310
46627,310
46701,310
46706,310
47535,310
47556,310
47562,310
47568,310
47580,310
47609,310
47687,310
47754,310
47762,310
47763,310
47799,310
48150,310
48190,310
48192,310
48207,310
10917,311
10981,311
11226,311
11241,311
11251,311
13137,311
13142,311
13147,311
13152,311
46675,311
46677,311
46681,311
46860,311
46877,311
46878,311
46879,311
46880,311
46881,311
46883,311
46884,311
46885,311
46886,311
46887,311
46888,311
46889,311
46890,311
47527,311
47620,311
47624,311
47633,311
47635,311
47697,311
47703,311
47715,311
47716,311
48036,311
48047,311
48059,311
48299,311
48429,311
10582,312
12484,312
13493,312
13538,312
14776,312
47621,312
47666,312
48076,312
48077,312
46724,313
46725,313
46726,313
48116,313
48119,313
48127,313
13943,314
14656,314
14726,314
14727,314
47597,314
47603,314
47604,314
47605,314
47606,314
47607,314
47608,314
47682,314
47746,314
48031,314
48032,314
48086,314
48389,314
48399,314
48403,314
48420,314
13865,315
13868,315
13886,315
47673,315
48405,315
48406,315
48407,315
48408,315
46030,316
46031,316
46032,316
12570,319
13196,319
13243,319
13258,319
13278,319
13408,319
13982,319
13991,319
13997,319
14819,319
46599,319
47625,327
47626,327
47630,327
47644,327
46290,328
46433,328
46441,328
47582,328
47584,328
47567,329
47569,329
47570,329
47572,329
47575,329
47578,329
897,330
10453,330
46149,330
46150,330
46492,330
46555,330
47643,330
47701,330
47735,330
13904,331
14086,331
14096,331
46420,331
47699,331
202,332
772,332
46112,332
46331,332
46500,332
46504,332
47717,332
48037,332
48240,332
212,333
747,333
762,333
46028,333
46113,333
46327,333
46571,333
46641,333
47528,333
47601,333
47602,333
717,334
11986,334
11990,334
11994,334
11998,334
46118,334
46330,334
46347,334
46438,334
46892,334
46893,334
46894,334
46903,334
46904,334
46905,334
46906,334
46907,334
46908,334
47681,334
47739,334
47794,334
48064,334
192,335
777,335
942,335
13958,335
46124,335
46134,335
46330,335
46347,335
46596,335
46597,335
197,336
757,336
11942,336
11966,336
11974,336
12422,336
207,337
217,337
222,337
227,337
682,337
687,337
692,337
697,337
702,337
707,337
712,337
722,337
732,337
47680,337
48387,337
45992,338
45993,338
46000,338
46119,338
46120,338
46131,338
46152,338
46153,338
46034,339
46050,339
46052,339
46053,339
46054,339
46055,339
46056,339
46057,339
46058,339
46059,339
46061,339
46062,339
46063,339
46064,339
46065,339
46066,339
46067,339
46068,339
46069,339
46070,339
46071,339
46072,339
46073,339
46074,339
46075,339
46076,339
46077,339
46078,339
46079,339
46080,339
46081,339
46085,339
46087,339
46088,339
46089,339
46090,339
46092,339
46116,339
46117,339
11868,342
14601,342
15011,342
46830,342
47690,342
48034,342
14854,343
46553,343
46568,343
46830,343
46943,343
47533,343
47545,343
47546,343
47548,343
47641,343
47642,343
47756,343
47757,343
48094,343
48397,343
48417,343
10937,344
10941,344
11065,344
11077,344
11085,344
11844,344
11856,344
11859,344
11862,344
13273,344
13862,344
13967,344
13970,344
14037,344
14521,344
14661,344
14707,344
14804,344
15001,344
46224,344
46296,344
46358,344
46359,344
46455,344
46668,344
46836,344
46839,344
46930,344
46931,344
10613,346
11057,346
11069,346
11073,346
11081,346
11256,346
11841,346
11847,346
11853,346
11865,346
12524,346
13552,346
13973,346
14029,346
14536,346
14646,346
14666,346
14793,346
14938,346
15098,346
45996,346
46218,346
46357,346
46360,346
46417,346
46566,346
46568,346
46629,346
46827,346
46943,346
47545,346
47546,346
47588,346
47641,346
47672,346
47757,346
47787,346
47800,346
48057,346
48417,346
47554,348
47557,348
47559,348
47552,349
47553,349
46219,351
46220,351
46222,351
46353,351
46354,351
46355,351
46356,351
46373,351
46375,351
46412,351
46432,351
46435,351
46437,351
46447,351
47664,351
47665,351
46028,353
46096,353
46112,353
46113,353
46114,353
46115,353
46118,353
46122,353
46123,353
46124,353
46130,353
46134,353
46662,353
47739,353
46004,354
46048,354
46049,354
46025,355
46026,355
46027,355
46001,357
46003,357
46011,357
46012,357
46013,357
46033,357
46036,357
46094,357
46095,357
46102,357
46103,357
46110,357
46111,357
46129,357
46159,357
46160,357
48063,357
46143,358
46144,358
46145,358
46146,358
46147,358
46148,358
46149,358
46150,358
45999,359
46014,359
46042,359
46043,359
46136,359
46137,359
46138,359
46139,359
46140,359
46141,359
46099,360
46156,360
46157,360
46045,361
46082,361
46126,361
46127,361
46107,362
46108,362
46121,362
46896,363
46897,363
46900,363
46901,363
12369,364
12427,364
12938,364
12998,364
46384,364
46409,364
46418,364
46440,364
47536,366
47537,366
47563,366
47564,366
47627,368
47628,368
46379,369
46406,369
48095,370
48099,370
48100,370
48102,370
48106,370
48096,371
48108,371
48109,371
48097,372
48103,372
48101,373
46542,374
48072,374
48129,374
48131,374
48135,374
48136,374
48137,374
48138,374
48139,374
48140,374
48141,374
48142,374
48143,374
48144,374
48145,374
48146,374
48147,374
48149,374
48152,374
48153,374
48154,374
48164,374
48165,374
48166,374
48168,374
48169,374
48170,374
48171,374
48172,374
48173,374
48175,374
48183,374
48184,374
48185,374
48186,374
48187,374
48188,374
48218,374
48224,374
48226,374
48236,374
48270,374
48272,374
48382,374
48418,374
48499,374
48129,376
48131,376
48141,376
48142,376
48143,376
48144,376
48146,376
48168,376
48175,376
48448,376
48449,376
48499,376
48503,376
48504,376
48505,376
48506,376
48507,376
48508,376
48509,376
48510,376
48513,376
13928,377
46542,377
48072,377
48147,377
48153,377
48167,377
48169,377
48170,377
48176,377
48164,378
48165,378
48166,378
48171,378
48173,378
48382,378
48154,380
48218,380
48224,380
48226,380
48236,380
46442,382
48197,383
48183,384
48184,384
48185,384
48186,384
48187,384
48188,384
48189,384
48270,384
48273,384
48292,384
46844,387
48135,387
48136,387
48137,387
48138,387
48139,387
48140,387
48272,387
48273,387
48292,387
48373,387
48418,387
48307,388
48314,388
48317,388
48330,391
48331,391
48332,391
48333,391
48334,391
48335,391
48336,391
48337,391
48338,391
48339,391
48340,391
48341,391
48343,391
48344,391
48345,391
48346,391
48347,391
48348,391
48349,391
48350,391
48351,391
48352,391
48353,391
48354,391
48355,391
48356,391
48357,391
48358,391
48359,391
48360,391
48361,391
10885,393
12873,393
46678,393
47645,393
48375,393
48376,393
717,394
11986,394
11994,394
46118,394
46438,394
46892,394
46893,394
46894,394
46903,394
46904,394
46905,394
46906,394
46907,394
46908,394
47681,394
47723,394
47739,394
47767,394
47794,394
48064,394
48448,395
48449,395
48450,398
48454,398
48462,398
48472,398
48494,398
48497,398
48502,398
48512,398
48439,399
48440,399
48453,402
48456,402
48458,402
48478,402
48485,402
48488,402
48489,402
48490,402
48491,402
48467,403
48475,403
48476,403
48477,403
48479,405
48482,405
48483,405
48511,405
48481,406
48480,407
48500,407
48284,410
48285,410
48304,410
48372,410
48486,411
48043,413
48044,413
48366,414
48368,414
48369,414
48371,414
48129,417
48448,417
48449,417
48495,417
48496,417
10490,418
10578,418
10590,418
10609,418
10618,418
11822,418
11823,418
11826,418
11832,418
11835,418
13205,418
13889,418
13952,418
13955,418
14606,418
14921,418
48111,418
48112,418
48170,418
